Historical_Disaster_ID,Graph_Cosine_Similarity,Domain_Rank
FL_2008_000035_PRY,0.5149517869455509,702.0
FL_2023_000217_PRY,0.5174135638091231,686.0
Paraguay: Floods _ Jun 1995,0.5180466955530236,679.0
FL_2018_000419_PRY,0.5172454562504848,689.0
FL_2012_000056_PRY,0.543205204413854,457.0
FL_2014_000030_PRY,0.4825586103046683,932.0
FL_1997_000299_PRY,0.5047239183430683,776.0
FL_2019_000033_PRY,0.556622642672773,368.0
Paraguay: Floods _ Mar 1995,0.471517283453539,997.0
FL_2013_000076_PRY,0.5210998002557876,647.0
subject,0.33691043202789184,1499.0
FL_2015_000171_PRY,0.5369359357425004,506.0
FL_2002_000296_PRY,0.5145995098835594,707.0
ST_2015_000041_PRY,0.47756727136388344,953.0
FL_2023_000041_PRY,0.5379748166669795,492.0
FL_2009_000226_PRY,0.4814224368965424,938.0
Paraguay: Floods _ Feb 1990,0.5410140414830656,471.0
FL_2021_000213_STP,0.6298993706355623,94.0
FL_2019_000034_BOL,0.42525413635103865,1241.0
FL_2018_000015_BOL,0.45486503273951373,1074.0
FL_2007_000012_BOL,0.39155960789002997,1383.0
FL_2001_000029_BOL,0.4271188205050166,1237.0
FL_2006_000010_BOL,0.4519210867001509,1090.0
FL_2007_000231_BOL,0.3834237873369079,1411.0
FL_2015_000008_BOL,0.4331743372274225,1208.0
FL_2024_000021_BOL,0.4241218262179003,1253.0
FL_2000_000130_BOL,0.436707033779385,1180.0
FL_2019_000032_BOL,0.44197940596193197,1145.0
FL_2003_000621_BOL,0.481425503569288,937.0
FL_2013_000020_BOL,0.43129045346453343,1217.0
FL_2011_000020_BOL,0.4102743576185126,1318.0
FL_2010_000008_BOL,0.4074300555679946,1330.0
FL_2002_000110_BOL,0.4401635096646925,1156.0
Bolivia: Chapare River Floods _ Jan 1987,0.46784913385005145,1019.0
FL_1997_000022_BOL,0.42992287625633646,1223.0
Bolivia: Floods _ Jan 1986,0.43425233773610294,1200.0
Bolivia: Landslides/Floods _ Mar 1994,0.420244507670002,1274.0
FL_2009_000045_BOL,0.4520235788674798,1086.0
FL_2014_000008_BOL,0.4344573694857265,1198.0
FL_2003_000012_BOL,0.41726685042743505,1288.0
FL_2012_000005_BOL,0.4214361724904615,1268.0
FL_2025_000038_BOL,0.4225749800717133,1263.0
FL_2019_000079_BGD,0.3432846457695088,1491.0
FL_2023_000157_BGD,0.395845445106931,1372.0
Bangladesh: Floods _ Jul 1996,0.36171236423396624,1467.0
FL_2020_000161_BGD,0.42496068888710126,1244.0
FL_2007_000129_PAK,0.3954879736164974,1374.0
Bangladesh: Floods _ Jul 1993,0.3716202784063676,1446.0
FL_1998_000203_BGD,0.38224282725895486,1416.0
FL_2014_000117_BGD,0.3814790055419509,1417.0
Bangladesh: Floods _ Jul 1999,0.3977600738842601,1365.0
FL_2005_000176_BGD,0.37889408894180776,1425.0
FL_2011_000093_BGD,0.37735938733446467,1429.0
FL_2008_000096_BGD,0.40847463646089655,1325.0
FL_2021_000097_BGD,0.4183227157160272,1281.0
FL_2006_000131_BGD,0.3879356866682611,1390.0
FL_2000_000617_BGD,0.3946214878437462,1377.0
FL_2015_000068_BGD,0.4116707293662005,1310.0
Bangladesh: Floods _ Aug 1988,0.3801871804451572,1420.0
FF_2007_000080_BGD,0.3792910219954163,1422.0
Bangladesh: Floods _ Aug 1986,0.43880054070247276,1168.0
Bangladesh: Floods _ Jun 1993,0.35639313744963386,1477.0
FL_2004_000044_BGD,0.36111839949417285,1469.0
FL_1997_000164_BGD,0.3845386207100779,1404.0
FL_2016_000075_BGD,0.3790410327202693,1423.0
Bangladesh: Floods _ Jul 1988,0.36388435689244036,1462.0
FL_2010_000114_BGD,0.40171375367723416,1353.0
Bangladesh: Floods _ Sep 1986,0.39265706240654885,1382.0
Bangladesh: Floods _ Aug 1989,0.4135417964467635,1303.0
FL_2009_000123_BGD,0.4173430811524897,1287.0
FL_2018_000105_BGD,0.3753652998451683,1434.0
FL_2002_000402_BGD,0.37089172590836894,1448.0
FL_2002_000536_MMR,0.39623211569775174,1369.0
Bangladesh: Floods _ Jul 1991,0.3994456043574804,1359.0
Bangladesh: Floods _ May 1984,0.4080201282916883,1326.0
FL_2012_000106_BGD,0.35848107163168386,1473.0
FL_2024_000088_BGD,0.39281571504879487,1381.0
FL_2022_000217_BGD,0.32040742436432446,1514.0
FL_2006_000092_KOR,0.6363076780259533,88.0
FL_2001_000335_KOR,0.6479618531622993,76.0
FL_1999_000247_KOR,0.636672943316086,87.0
FL_1998_000219_KOR,0.6477343001148759,77.0
FL_2009_000190_TUR,0.4491505454656033,1103.0
FL_2006_000156_TUR,0.49952275337404173,811.0
Turkey: Floods _ Nov 1995,0.43134151233633944,1215.0
FL_1998_000255_TUR,0.4290201547484289,1228.0
FL_2023_000040_TUR,0.482252844865374,933.0
FF_2009_000159_PAK,0.5871003607813685,175.0
FL_2020_000185_PAK,0.5715699843130158,267.0
FF_2008_000123_PAK,0.5870724752186103,176.0
FL_2010_000141_PAK,0.5632223718022076,325.0
FF_2012_000148_PAK,0.5979764475853147,133.0
FF_2013_000090_PAK,0.5705476361452619,274.0
FL_2015_000017_PAK,0.5789765102416891,219.0
Pakistan: Floods _ Aug 1996,0.60498455497074,118.0
FL_1998_000048_PAK,0.5785572121066183,222.0
FL_2019_000087_PAK,0.5727363163041792,261.0
FL_2017_000017_PAK,0.5938465092992824,147.0
Pakistan: Floods _ Jul 1993,0.5537440266460895,391.0
FL_2014_000122_PAK,0.5858545258002319,180.0
FL_1992_000008_PAK,0.5556321100392382,374.0
FF_2007_000082_PAK,0.6161662261276725,103.0
Pakistan: Floods _ Feb 1991,0.5787735636040452,220.0
FL_2003_000359_PAK,0.5844692352256489,183.0
FL_2016_000066_PAK,0.5965403144856587,137.0
FL_2022_000254_PAK,0.5682766004494184,288.0
FL_2024_000118_PAK,0.5776579170004237,230.0
FL_2016_000021_PAK,0.561671253094115,336.0
FL_2005_000108_PAK,0.5680317172078949,293.0
FL_2024_000020_PAK,0.5764091989755062,237.0
FL_2023_000119_PAK,0.5911687432831578,156.0
FL_2001_000376_PAK,0.589869193192972,161.0
FL_2011_000109_PAK,0.5780664103257651,226.0
FL_2009_000139_PAK,0.6141107752758215,104.0
FL_2005_000038_MDG,0.6536063042101526,70.0
ST_2022_000138_MDG,0.6432200163999746,82.0
2012_000020_MDG,0.6388297117274888,84.0
FL_2020_000019_MDG,0.6469756264150915,78.0
FL_2003_000037_MDG,0.6322519070021131,93.0
FL_2013_000004_KEN,0.43953569020270244,1163.0
FL_2009_000218_KEN,0.413786003611165,1302.0
FL_2024_000045_KEN,0.4249870857380894,1243.0
FL_2011_000115_KEN,0.44289910421612055,1141.0
FL_2002_000265_KEN,0.4429406869576667,1140.0
FL_2010_000003_KEN,0.47349404449459453,979.0
FL_2004_000020_KEN,0.4373257308772953,1178.0
FF_2012_000062_KEN,0.4290708308446691,1227.0
FL_2008_000217_KEN,0.45862376964507956,1061.0
FL_2015_000169_KEN,0.4161285838166699,1294.0
FL_2021_000038_KEN,0.41415388507931317,1300.0
FL_2023_000216_KEN,0.44753380208775184,1115.0
FL_2013_000038_KEN,0.41287403962339403,1306.0
FL_1997_000255_KEN,0.43611854844764786,1186.0
FL_2020_000128_KEN,0.44664677818054355,1118.0
FF_2023_000051_KEN,0.44000407073335485,1157.0
FL_2019_000138_KEN,0.42791849385566655,1232.0
FL_2007_000139_KEN,0.4451462004385589,1130.0
FF_2008_000092_KEN,0.46063693438087683,1055.0
FL_2007_000076_KEN,0.4244454952503111,1251.0
FF_2018_000030_KEN,0.4341925211252846,1202.0
FL_2010_000174_KEN,0.4304244762240116,1221.0
FF_2006_000046_KEN,0.44540663720155194,1127.0
FL_2016_000042_KEN,0.4348739132513246,1195.0
FL_2007_000221_KEN,0.46262946306380637,1045.0
FL_2025_000045_COD,0.5120570281245271,737.0
FL_2024_000009_COD,0.49151342544497323,864.0
FL_1999_000531_COD,0.47602871429503785,960.0
FL_2012_000192_COD,0.46382299245115033,1039.0
ST_2012_000064_COD,0.49532203066367353,838.0
FL_2010_000062_COD,0.5152351845938715,699.0
FL_2020_000052_COD,0.4264202335393891,1239.0
FL_2010_000151_COD,0.4800064663861582,944.0
FL_2006_000047_COD,0.466823206848492,1025.0
FL_2016_000124_COD,0.4852161325412781,912.0
FL_2015_000164_COD,0.4860578887516409,902.0
FL_1997_000295_COD,0.5285022415237545,579.0
FL_2011_000187_COD,0.49582521656720435,835.0
FL_2022_000376_COD,0.49295334919898887,853.0
FL_2018_000004_COD,0.4692980451940063,1012.0
FL_2007_000197_COD,0.4724838669854617,991.0
FL_2020_000206_COD,0.4601487810876832,1057.0
FL_2019_000153_COD,0.4889658134116441,880.0
FF_2008_000186_COD,0.5216724203353075,641.0
FL_2023_000067_COD,0.5233153075942132,629.0
FL_2019_000020_COL,0.4018009383912722,1351.0
FL_2015_000056_COL,0.40479653483687433,1338.0
FL_2003_000578_COL,0.4741987044319149,974.0
FL_2023_000232_COL,0.47590897847318403,962.0
FL_2008_000197_COL,0.40416353427838897,1341.0
1987_07_01_CO_Flood,0.4108531922518707,1314.0
FL_2013_000145_COL,0.38824903942083305,1389.0
FL_2010_000076_COL,0.41039039451209713,1316.0
FL_2005_000020_COL,0.40769505654662375,1328.0
FL_2007_000068_COL,0.37033593811528887,1450.0
FL_2020_000242_COL,0.40171610934973423,1352.0
FL_2009_000241_COL,0.41965054433592214,1276.0
FL_2008_000076_COL,0.3842826556402195,1405.0
1986_07_01T00:00:00+00:00,0.36328985548724774,1463.0
FL_2012_000183_COL,0.44855883148120285,1106.0
Colombia: Floods and Landslides _ Mar_Jul 2014,0.45160086443745184,1094.0
LS_2010_000190_COL,0.43401798867583896,1204.0
FL_2018_000058_COL,0.3884006326428467,1388.0
FL_2006_000044_COL,0.3846667796120303,1403.0
FL_2013_000030_COL,0.47700206701034276,957.0
FL_2014_000004_COL,0.4379642397456116,1173.0
FL_2012_000042_COL,0.4328017263637048,1209.0
FL_2014_000163_COL,0.4022119997558947,1349.0
1996_07_01_CO_Flood,0.44796273607197507,1108.0
FL_2000_000265_COL,0.4423519970434519,1143.0
FL_2011_000170_COL,0.36442243312001704,1460.0
OT_2004_000112_COL,0.4770696852048666,956.0
FL_2024_000117_COL,0.441570255980937,1148.0
FL_2011_000042_COL,0.4459056102060177,1124.0
FL_2005_000017_VEN,0.42357447834908274,1256.0
FL_2024_000214_COL,0.4418670822753317,1146.0
1988_08_01T00:00:00+00:00,0.38342196716492266,1412.0
FL_2004_000021_COL,0.46983937200005066,1011.0
FL_2005_000194_COL,0.407260874974956,1331.0
FL_2016_000060_IND,0.9243523496910335,35.0
FL_2001_000332_IND,0.9291355356987618,24.0
FL_2017_000064_IND,0.9309243982815192,20.0
FL_2024_000109_IND,0.9309217882699728,21.0
FL_2009_000217_IND,0.926199529300852,33.0
IND_2018_000413,0.9356338963473882,6.0
FL_2023_000104_IND,0.9314028459343274,18.0
FL_2000_000444_IND,0.9417356672602617,1.0
FL_1999_000213_IND,0.9347496879342527,9.0
FL_2010_000249_IND,0.9406206142410712,2.0
FL_2006_000070_IND,0.9302138838938252,22.0
FL_2014_000089_IND,0.932704175841459,12.0
FL_2003_000316_IND,0.9216328802843321,40.0
India: Floods _ Jun 1994,0.9241840895920965,36.0
FL_1998_000392_IND,0.923731005105841,37.0
FL_1997_000337_IND,0.9323146332024319,13.0
India_Manipur: Floods _ Apr 2004,0.9290797892955567,25.0
FL_2015_000064_IND,0.9257578830002822,34.0
FL_1999_000371_IND,0.9280909926915228,29.0
India: Floods _ Aug 2003,0.9160770510384664,42.0
FL_2005_000104_IND,0.9286695408748877,28.0
India: Floods _ Nov 1992,0.93492277393353,8.0
FL_2020_000164_IND,0.9369009085476818,4.0
FL_2002_000374_IND,0.9279373281525732,31.0
FL_2022_000213_IND,0.9198869902032417,41.0
FL_2012_000110_IND,0.9287138318267968,27.0
India: Floods _ Jun 1996,0.9280014984915395,30.0
FL_2008_000089_IND,0.9279314540546961,32.0
FF_2007_000083_IND,0.9343453937334918,10.0
India: Floods _ Aug 1988,0.9355234581419896,7.0
FL_2010_000125_IND,0.9332464822763697,11.0
FL_2011_000084_IND,0.9318202586018771,15.0
FL_2009_000122_IND,0.9368283682381553,5.0
FL_2021_000161_IND,0.9390916366892896,3.0
FL_2005_000182_IND,0.9319830217274285,14.0
India: Floods _ Oct 1996,0.9314232216544158,17.0
India: Floods _ Jul 1993,0.9231212222090501,39.0
FL_2013_000070_IND,0.9301768431035485,23.0
FL_2018_000134_IND,0.9232679975778538,38.0
FL_2019_000084_IND,0.9290400691807684,26.0
India: Floods _ Oct 1988,0.9316868363517116,16.0
India: Floods _ Aug 1989,0.9312284518933145,19.0
FF_2020_000055_SOM,0.405259188547888,1337.0
FL_2023_000190_SOM,0.5125790578046885,728.0
FF_2018_000041_SOM,0.5092558939191102,756.0
FL_2015_000145_SOM,0.4691149911349043,1013.0
FF_2020_000221_SOM,0.4913943039303425,867.0
FF_2025_000055_SOM,0.5057286993804835,768.0
FL_2008_000091_SOM,0.47542561884649653,968.0
FL_1997_000265_SOM,0.507429587991196,761.0
FL_2016_000046_SOM,0.45292460664322365,1082.0
FL_2013_000141_SOM,0.45593088633862056,1071.0
FF_2009_000229_SOM,0.41060951481494956,1315.0
FL_2015_000040_SOM,0.45442701823284093,1077.0
FL_2021_000051_SOM,0.4943921170745892,843.0
FL_2008_000185_SOM,0.4882833793388127,886.0
FL_2012_000173_SOM,0.4758424228908166,963.0
FL_2014_000150_SOM,0.40342890080295685,1345.0
FL_2024_000055_SOM,0.43983613063627935,1160.0
FL_2010_000041_SOM,0.4655062689823327,1028.0
FL_2011_000161_SOM,0.5188878650145264,670.0
FF_2023_000044_SOM,0.5023686392364258,793.0
FL_2019_000133_SOM,0.47637187962760774,959.0
FL_2013_000052_SOM,0.5139092196754119,716.0
FL_2008_000191_CRI,0.4033247921082936,1346.0
FL_2005_000166_CRI,0.3719289947873853,1444.0
FL_2002_000755_CRI,0.36311007482255236,1465.0
FL_2005_000001_CRI,0.4046451018937425,1340.0
FL_2007_000176_CRI,0.40208807868600444,1350.0
FL_2015_000079_CRI,0.35975870262384674,1471.0
FL_1999_000350_CRI,0.38748445390791486,1392.0
FL_2004_000023_CRI,0.3247176475147976,1508.0
FL_2008_000232_CRI,0.37587717161235124,1433.0
1,0.3088105930114711,1519.0
FL_2021_000092_CRI,0.4183555870418107,1280.0
FL_2024_000215_CRI,0.39962723427832797,1358.0
FL_2002_000263_CRI,0.4132449805056728,1305.0
1993_12_01T00:00:00+00:00,0.3717013941689047,1445.0
FL_2010_000251_CRI,0.41111111515488075,1312.0
FL_2004_000120_CRI,0.31610381116567504,1517.0
FL_2012_000126_PAN,0.36757499119392173,1453.0
FL_2018_000165_CRI,0.36486548821171005,1458.0
FL_2022_000348_CRI,0.33838594433469776,1497.0
Costa Rica: Floods _ Feb 1988,0.32752395225622055,1506.0
FL_2009_000039_CRI,0.3807657246240985,1419.0
FL_2005_000081_CHN,0.5534070249023497,393.0
FL_2004_000094_CHN,0.5451952925791054,443.0
China: Floods _ May 1987,0.5147981316713512,703.0
FL_2003_000331_CHN,0.5677813416572552,296.0
China: Floods _ Jun 1990,0.5174785481479753,685.0
China: Floods _ Jul 2018,0.51476383920785,705.0
FL_2013_000054_CHN,0.5163269650965213,694.0
China: Floods in Shanxi Province _ Aug 1988,0.5261478280415925,607.0
FL_2003_000227_CHN,0.5379222795934763,493.0
ST_2010_000085_CHN,0.5369621667474367,505.0
China: Floods _ Aug 1985,0.4709831923806653,1002.0
FL_2004_000031_CHN,0.5127301668148532,726.0
FF_2008_000072_CHN,0.5131132071799605,723.0
FL_2011_000059_CHN,0.5035295339642321,784.0
FF_2007_000070_CHN,0.48685211695656855,898.0
FL_1998_000165_CHN,0.4981423007245155,820.0
FL_2007_000077_CHN,0.5611771051925799,338.0
FL_2017_000075_CHN,0.505056451044569,773.0
FL_2000_000302_CHN,0.49332134460782,848.0
China: Floods and Landslides _ Jul 1989,0.5266081531420415,602.0
FL_2006_000068_CHN,0.4853510608675049,910.0
FL_2004_000043_IND,0.5038119691474583,782.0
FL_1997_000144_CHN,0.48627052469483023,901.0
China: Floods in Zhejiang Province _ Aug 1988,0.5281098959904912,586.0
FL_1991_000011_CHN,0.5139473596534845,715.0
FL_2009_000113_CHN,0.4517520616551974,1093.0
FL_2016_000044_CHN,0.5377947921195922,495.0
ST_2012_000077_CHN,0.4843764760079856,920.0
FL_2002_000350_CHN,0.5281286249737911,585.0
FL_1999_000651_CHN,0.5337937107939983,528.0
China: Floods _ May 1988,0.5181362174045674,677.0
China: Floods _ Jun 1994,0.5690960244202119,284.0
FL_2013_000125_BFA,0.5227226803208206,633.0
FL_2003_000389_BFA,0.5527678584988096,400.0
FL_2015_000106_BFA,0.5129551188753115,725.0
FL_2009_000172_BFA,0.554050291514683,388.0
FL_2017_000054_BFA,0.5333012862179523,534.0
FL_2008_000074_BFA,0.5284477942347955,580.0
FL_2012_000200_BFA,0.5273589289919187,594.0
FL_2007_000132_BFA,0.5186095699926222,672.0
Burkina Faso: Floods _ Sep 1988,0.5064198527013072,764.0
FL_2016_000080_BFA,0.5365773640182507,507.0
FL_2007_000153_GHA,0.5489364800341395,418.0
FL_2020_000200_BFA,0.5229109796993692,632.0
FL_2024_000123_BFA,0.512436896780035,731.0
FL_2006_000120_BFA,0.49691944240062547,828.0
FL_2023_000249_AGO,0.44632000422741624,1121.0
FL_2010_000242_AGO,0.42490861368542865,1245.0
FL_2005_000051_AGO,0.43636790535236314,1185.0
FL_2001_000146_AGO,0.4409764106883762,1149.0
FL_2007_000011_ZMB,0.41739666089230804,1286.0
FL_2009_000268_AGO,0.4164727331557028,1292.0
FL_2010_000046_MOZ,0.41915532979539427,1277.0
FL_2011_000007_ZAF,0.4393260036197256,1164.0
FL_2000_000002_AGO,0.4090498179599842,1323.0
FL_2011_000190_AGO,0.4434843390080131,1139.0
FL_2010_000049_AGO,0.4076833545104208,1329.0
FL_2007_000227_ZWE,0.43495497757689794,1194.0
FL_2009_000007_ZWE,0.447704396756713,1113.0
Iran: Floods _ Oct 1994,0.5652459740393339,318.0
Iran: Floods _ Apr 1989,0.5571773031999727,366.0
Iran: Floods _ Nov 1994,0.5405011000611084,476.0
Iran: Floods _ Dec 1990,0.5489923294089571,417.0
FL_2002_000020_IRN,0.5663099576073413,306.0
FF_2020_000006_IRN,0.5798040628462457,209.0
FL_2001_000375_IRN,0.5701166610841166,275.0
Iran: Floods _ Feb 1991,0.5472466022279502,433.0
FL_1998_000247_IRN,0.525365269646294,612.0
FL_2022_000002_IRN,0.5681270077297056,291.0
FL_2015_000088_IRN,0.5662393545713926,308.0
Iran: Flash Floods _ Jul 1996,0.5780452870399765,227.0
Iran: Floods _ May 1992,0.5749477804806835,245.0
FF_2022_000274_IRN,0.566298409464435,307.0
FL_2019_000022_IRN,0.5723484791665086,264.0
Iran: Floods _ Feb 1993,0.5421014436604122,464.0
FL_2024_000019_IRN,0.5680738792034457,292.0
FL_1998_000085_IRN,0.5820411735574613,200.0
FL_2002_000500_IRN,0.5660618943223433,309.0
Iran: Floods _ Dec 1986,0.5497997965453718,415.0
FL_2001_000453_IRN,0.5624804788016311,331.0
FL_2001_000180_IRN,0.5653470923267832,317.0
Iran: Floods _ Dec 1991,0.5642487788135644,321.0
Iran: Floods _ Jul 1987,0.5669677926638468,301.0
Iran: Floods _ Jul 1994,0.5544660930822785,384.0
FL_1999_000235_IRN,0.5487948554887508,422.0
FL_2005_000117_GTM,0.46840324260873906,1017.0
FL_2017_000130_GTM,0.5048497330675276,775.0
FL_2000_000299_GTM,0.5130067821176095,724.0
FL_2019_000094_GTM,0.49248615689486397,857.0
FL_2023_000131_GTM,0.5118366290900018,738.0
LS_2022_000224_GTM,0.5138680645606528,718.0
FL_2011_000045_GTM,0.48385995565945894,924.0
FL_2011_000118_GTM,0.44646464203233865,1119.0
FL_2012_000098_GTM,0.47749421773542466,954.0
FL_2009_000117_GTM,0.5013102309148947,800.0
FL_2010_000102_CRI,0.49094014051184093,868.0
FL_2016_000081_GTM,0.5097576367449076,753.0
FL_2008_000166_GTM,0.4210685490990416,1270.0
FL_2007_000194_GTM,0.49351844119221067,847.0
FL_2021_000078_GTM,0.45653123566562215,1068.0
FL_1998_000112_TZA,0.5203590757835537,651.0
FL_2024_000058_TZA,0.5212748395610317,644.0
Tanzania: Floods _ May 1995,0.5282234330049804,583.0
FL_2023_000056_TZA,0.47297600242388127,987.0
FL_2019_000145_TZA,0.5365501665119901,508.0
FL_2023_000241_TZA,0.5407297740308519,473.0
FL_2025_000047_TZA,0.5418812803701305,467.0
FL_2006_000164_TZA,0.5274687024874534,592.0
FL_2018_000043_TZA,0.5672312183560905,298.0
FF_2014_000009_TZA,0.5517937031747467,406.0
FL_2014_000053_TZA,0.5552949556623779,377.0
Tanzania: Floods _ Feb 1993,0.5364712006269159,510.0
FL_2011_000183_TZA,0.521851125481693,639.0
FL_2006_000065_TZA,0.5409040357401009,472.0
FL_2005_000062_TZA,0.5488877973959672,419.0
FL_2020_000029_TZA,0.531796005320998,548.0
FL_2008_000011_TZA,0.49504622184083846,839.0
FL_2016_000011_TZA,0.4957079621535042,836.0
FL_2019_000048_TZA,0.5062136338569976,766.0
FL_1997_000049_TZA,0.527192742453821,595.0
Tanzania: Floods _ Apr 1989,0.5211594474807937,646.0
FL_2020_000125_TZA,0.5046965778653913,777.0
FL_1999_000423_TGO,0.5152912404030475,698.0
FL_2007_000158_TGO,0.4944602016340497,842.0
Togo: Floods _ Oct 1995,0.5115359650713835,740.0
FL_2017_000149_TGO,0.5083417301281515,759.0
Togo: Floods _ Sep 1995,0.5252313008106146,614.0
FL_1999_000437_KHM,0.47051279327065254,1006.0
FL_2002_000522_KHM,0.4208355234280809,1272.0
FL_1999_000259_KHM,0.3980996803761421,1364.0
Cambodia: Floods _ Aug 1994,0.4153763001962251,1296.0
FL_2013_000131_KHM,0.39822918863277035,1363.0
FL_2011_000148_KHM,0.43958566004676475,1162.0
FL_2000_000438_KHM,0.41339887305999545,1304.0
Cambodia: Floods _ Sep 1996,0.42194274240236807,1267.0
FL_2020_000212_KHM,0.4150742968203738,1297.0
FL_2006_000130_KHM,0.4309301424341894,1219.0
FL_2001_000485_KHM,0.4453083571366434,1128.0
Brazil: Floods _ Apr 1989,0.5189961324442597,667.0
FL_2011_000102_BRA,0.5299638187592424,564.0
FL_2008_000234_BRA,0.584153006743046,187.0
Brazil: Floods _ Jul 1988,0.5451287306922764,447.0
Brazil: Floods _ Jul 1989,0.5451647805720143,445.0
FL_2010_000120_BRA,0.5322815424550912,542.0
FL_2008_000010_BRA,0.5544368691675376,385.0
FL_2003_000028_BRA,0.48029609789812233,941.0
Brazil: Floods _ Feb 1988,0.5363522263821819,512.0
FL_2001_000696_BRA,0.5124379437113533,730.0
FL_2009_000239_BRA,0.555944082938646,371.0
Brazil: Floods _ Apr 1985,0.5173423241185113,687.0
Brazil: Floods _ Jan 1985,0.5553316916069231,376.0
FL_2021_000204_BRA,0.5330606934298692,537.0
FL_2010_000067_BRA,0.48837312084774676,885.0
FL_2009_000089_BRA,0.5315872194140225,551.0
FL_2013_000157_BRA,0.48039460762404507,940.0
FL_2024_000036_BRA,0.5231462212950794,630.0
FL_2012_000003_BRA,0.5360730970174465,514.0
FL_2023_000169_BRA,0.5106037287233922,745.0
Brazil: Floods _ Dec 1989,0.5545456983937529,383.0
FL_2015_000092_BRA,0.5138884316609125,717.0
FL_2011_000002_BRA,0.5318522153013499,547.0
FL_2010_000179_ETH,0.5712021127877085,270.0
FL_2013_000050_ETH,0.58837777756739,166.0
FL_2007_000145_ETH,0.5583252001213169,359.0
FL_2011_000124_ETH,0.5874265019850877,172.0
FL_2015_000161_ETH,0.5904124547330056,159.0
FL_2019_000116_ETH,0.5737390910899978,253.0
FL_2003_000204_KEN,0.5873623271988369,174.0
FF_2008_000227_ETH,0.5842164880293602,186.0
FF_2008_000141_ETH,0.6082274889542468,110.0
FL_2020_000126_ETH,0.5691472386046526,282.0
FL_2022_000356_ETH,0.5700732496467682,276.0
FL_1997_000270_ETH,0.6022834103455306,123.0
FL_2007_000161_UGA,0.562196307735505,333.0
FL_2006_000169_SOM,0.5927054397079113,150.0
FL_2005_000064_ETH,0.6095604888508404,109.0
FL_2017_000139_ETH,0.6119354087378344,106.0
FF_2012_000081_ETH,0.5596607519285224,345.0
FF_2018_000042_ETH,0.5802901433171048,208.0
Ethiopia: Floods _ May 1995,0.5488217082708926,421.0
FL_2023_000229_ETH,0.5589047172628308,354.0
FL_2016_000045_ETH,0.5643262909941957,320.0
FL_2023_000052_ETH,0.5931855526195602,148.0
FL_2014_000152_ETH,0.5989312357162336,129.0
FL_2002_000225_ETH,0.579775729378145,211.0
FL_2024_000074_ETH,0.5865178121616017,177.0
FL_2006_000112_ETH,0.5856468132873837,181.0
Ethiopia: Floods _ Aug 1996,0.5760068665710526,241.0
FL_2002_000367_SRB,0.49155561134311004,863.0
FL_2007_000220_SRB,0.4675580058921922,1021.0
Montenegro: Floods _ Nov 1992,0.4707565728093025,1005.0
FL_2009_000267_SRB,0.484413857197232,919.0
FL_2005_000063_SRB,0.4830402168304251,929.0
FL_2006_000030_SRB,0.4624678682794376,1046.0
FL_1999_000240_SRB,0.4880568031198833,887.0
FL_2006_000041_SRB,0.47121699417575924,1000.0
FL_2009_000187_CIV,0.5786312357502749,221.0
FL_2007_000130_CIV,0.5884709194377025,165.0
FL_2018_000077_CIV,0.5773013299322964,233.0
FL_2020_000154_CIV,0.6212169895559665,98.0
FL_2019_000131_CIV,0.5835757493044154,189.0
FL_2022_000249_CIV,0.5668918851894831,302.0
1992_01_01T00:00:00+00:00,0.6012109015254459,125.0
FL_1998_000080_ARG,0.6007770084782195,126.0
FL_2003_000080_ARG,0.5864925976178417,178.0
FL_2000_000255_ARG,0.5810738225746283,204.0
1985_11_01T00:00:00+00:00,0.5672415711312702,297.0
FL_2015_000024_ARG,0.5916365943388676,154.0
FL_2009_000248_URY,0.5910319689875476,158.0
FL_2007_000022_ARG,0.5591247642199697,349.0
FL_2023_000089_ARG,0.574639210058302,248.0
FL_2008_000038_ARG,0.574254232164658,250.0
FL_2024_000027_ARG,0.5880288871548272,168.0
FL_2025_000036_ARG,0.5666463675647578,303.0
FL_2016_000137_ARG,0.6111303802168919,107.0
1993_05_01T00:00:00+00:00,0.5693865081239728,279.0
FL_2003_000196_ARG,0.5765711369648366,236.0
FL_2015_000110_ARG,0.5539525069230571,389.0
FL_2019_000009_ARG,0.5901690093201066,160.0
1992_00001_AR,0.5731189894810228,258.0
1985_06_01_ARG_Flood,0.6109162556538459,108.0
FL_2007_000044_ARG,0.5795144432952031,213.0
FL_2006_000050_ARG,0.592280049566334,151.0
FL_2018_000014_ARG,0.6042867489661538,120.0
1986_04_01T00:00:00+00:00,0.5640459606180688,322.0
FF_2011_000049_IRQ,0.4667528112802243,1026.0
FL_2015_000153_IRQ,0.4850216433928489,913.0
FL_2018_000414_IRQ,0.4732461243007908,982.0
FL_2019_000030_IRQ,0.44759076414327975,1114.0
FL_2009_000242_IRQ,0.4447529330539856,1133.0
FL_2021_000208_IRQ,0.4630173791625431,1043.0
FL_2006_000018_IRQ,0.4372917375218901,1179.0
FL_2024_000035_IRQ,0.4735164215104589,978.0
FL_2025_000032_IRQ,0.4511738458067162,1096.0
Peru: Floods_Drought_Frost _ Feb 2004,0.5598992270316929,344.0
FL_2021_000019_PER,0.5748857427707943,247.0
FL_2003_000051_PER,0.5692104029972682,281.0
FL_2025_000022_PER,0.5742087158190712,251.0
Peru: Floods _ Feb 1987,0.59703377809001,136.0
FL_2024_000022_PER,0.5558468557278728,372.0
FL_2017_000014_PER,0.5656971997666791,312.0
FL_2008_000213_PER,0.57362742201411,255.0
FL_2001_000117_PER,0.558287934092141,362.0
Peru: Floods _ Feb 1994,0.5678030310787303,295.0
FL_2009_000261_PER,0.565631438656827,314.0
FL_2006_000031_PER,0.5790905417995951,218.0
FL_2011_000198_PER,0.5665676866815195,304.0
FL_2013_000019_PER,0.5830025556752887,194.0
FL_1997_000530_PER,0.5526374866049256,402.0
FL_2023_000036_PER,0.5719315425568451,266.0
FL_1999_000160_PER,0.5607022306496346,341.0
FL_2002_000077_PER,0.5759823653004451,242.0
FL_2015_000011_PER,0.5587618630729253,355.0
FL_2008_000031_PER,0.5756270187007482,243.0
Peru: Floods _ Mar 1986,0.5763533303748525,238.0
FL_2007_000009_PER,0.5891036830351072,163.0
FL_2019_000015_PER,0.5559502520589037,370.0
FF_2021_000090_SDN,0.45653924866140266,1067.0
FL_2014_000098_SDN,0.47193472951753956,995.0
FL_1998_000251_SDN,0.4998158711705402,809.0
FL_2018_000128_SDN,0.48320938374592165,928.0
FL_2007_000093_SDN,0.485613307789285,906.0
FL_2023_000199_SDN,0.45262038421656414,1083.0
FL_2001_000417_SDN,0.4102882613138059,1317.0
FL_2003_000368_SDN,0.46090558731878273,1052.0
FL_2005_000175_SDN,0.4538494362105251,1080.0
FL_2008_000207_SDN,0.4228088258180201,1261.0
FL_2009_000166_SDN,0.43799402869438714,1171.0
FL_2012_000129_SDN,0.44399630601288126,1136.0
FF_2013_000091_SDN,0.4855873147715608,907.0
FL_2022_000277_SDN,0.47801203389331326,951.0
FL_2006_000123_SDN,0.49871483825880447,819.0
FL_2011_000120_SDN,0.4460431181891232,1123.0
FL_2024_000128_SDN,0.4418370377395873,1147.0
FL_2016_000072_SDN,0.5064025119438076,765.0
FL_2017_000088_SDN,0.4732666031477624,980.0
FL_2005_000129_SDN,0.45020789894994945,1099.0
FL_2020_000176_SDN,0.4757483027647091,964.0
FL_2010_000139_SDN,0.43888094164231245,1166.0
FL_2019_000064_SDN,0.47202605099180966,994.0
FL_2008_000125_SDN,0.39095776977181684,1386.0
FL_2009_000145_NPL,0.5197260253697934,659.0
FL_2019_000083_NPL,0.5349109125681448,519.0
FL_2009_000219_NPL,0.5615901021647979,337.0
FL_2010_000160_NPL,0.5358863584997064,515.0
FL_2012_000071_NPL,0.5430731851561641,460.0
FL_2004_000051_NPL,0.5281677270965057,584.0
FL_2017_000107_NPL,0.5365106354514131,509.0
FL_2024_000177_NPL,0.5611559674987235,339.0
FL_2012_000132_NPL,0.5332049509987151,535.0
FL_2006_000127_NPL,0.5628695483724622,328.0
FL_2021_000134_NPL,0.5373206256238984,501.0
FL_2011_000082_NPL,0.5323701211957339,540.0
FF_2007_000081_NPL,0.5266573870013596,601.0
FL_2016_000068_NPL,0.5528342536225452,398.0
FL_2008_000104_NPL,0.5249227491194176,616.0
FL_2024_000103_NPL,0.5431774695275371,458.0
FL_2005_000168_NPL,0.569302085006125,280.0
FL_2020_000165_NPL,0.5514950478221861,407.0
FL_2003_000341_NPL,0.5336369158606171,531.0
FL_2000_000476_NPL,0.5357962305320816,516.0
Nepal: Floods and Landslides _ Jul 1993,0.5394518278016089,483.0
SL_2002_000428_NPL,0.5115354955739111,741.0
FL_1998_000221_NPL,0.5626509668245379,330.0
Nepal: Floods _ Jul 1996,0.5237323793849815,626.0
FL_2008_000168_NPL,0.5253704627794441,611.0
Nepal: Floods _ Aug 1987,0.5206744148833058,649.0
Sri Lanka: Floods _ Jun 1989,0.5204810418877491,650.0
FL_2012_000205_LKA,0.5126916230354531,727.0
FL_2005_000196_LKA,0.44021873499989395,1155.0
FF_2009_000246_LKA,0.4841000618433578,923.0
FL_2008_000051_LKA,0.5238077190749952,625.0
FL_2017_000057_LKA,0.5626731059227315,329.0
FL_2023_000196_LKA,0.506906731572,762.0
FL_2018_000425_LKA,0.4914748741884387,865.0
FL_2007_000228_LKA,0.5028614310825626,790.0
FF_2009_000160_LKA,0.5532847391389962,394.0
FL_2011_000176_LKA,0.4703092241797432,1008.0
FL_2007_000052_LKA,0.4709229058596114,1004.0
FL_2003_000229_LKA,0.5191154529485602,666.0
FL_2006_000191_LKA,0.49281228000274985,854.0
FL_2002_000788_LKA,0.5104582472001569,748.0
FL_2010_000196_LKA,0.5293290044490593,571.0
FL_2016_000050_LKA,0.5283027803813541,582.0
FL_2014_000162_LKA,0.5424794480148672,463.0
FF_2007_000008_LKA,0.498738951357918,817.0
FL_1999_000161_LKA,0.4923910615049792,859.0
FL_1999_000031_LKA,0.533454736048999,533.0
FL_2000_000741_LKA,0.5552002673547679,378.0
FL_2024_000189_LKA,0.5192823368898032,662.0
FL_2021_000057_LKA,0.5426300506517393,462.0
FF_2008_000199_LKA,0.5443171175163597,453.0
FL_2018_000060_LKA,0.5383259072677626,491.0
FL_2008_000079_LKA,0.5030614793971393,787.0
LS_2015_000135_LKA,0.4871806268748672,894.0
FL_2010_000092_LKA,0.5630497816181431,327.0
Sri Lanka: Monsoon Floods _ Jul 1984,0.5262180484539947,604.0
FL_2024_000077_LKA,0.5308752447036267,557.0
FL_2006_000155_LKA,0.4872835697977347,893.0
FL_2014_000070_LKA,0.5151907164988658,701.0
LS_2022_000283_LKA,0.5262092838068813,605.0
Sri Lanka: Floods and Landslides _ Feb 1986,0.4902245800096531,870.0
FL_2020_000237_LKA,0.504337752982658,780.0
FL_2019_000171_LKA,0.5586855202159987,357.0
FL_2013_000103_YEM,0.5318891053882329,545.0
FF_2020_000123_YEM,0.5406875435338163,474.0
FL_2021_000110_YEM,0.5467342771062762,436.0
FL_2021_000043_YEM,0.48566292989102006,905.0
FF_2019_000054_YEM,0.5297124250540695,567.0
FL_2022_000265_YEM,0.5218819990711782,638.0
FL_2008_000201_YEM,0.5093986953853897,755.0
FL_2023_000068_YEM,0.4772178008432457,955.0
FL_2024_000059_YEM,0.4735330103849531,977.0
FL_1999_000548_YEM,0.5199076889166637,658.0
Yemen: Floods _ Feb 1993,0.5363928125534128,511.0
FF_2006_000039_YEM,0.5218458489352017,640.0
FL_2005_000070_YEM,0.47428933159173553,973.0
FF_2016_000034_YEM,0.5242202928692576,621.0
FL_2022_000201_ZAF,0.4458867079286531,1125.0
FL_2022_000382_ZAF,0.47861576179297005,949.0
FL_2009_000133_ZAF,0.4852946015914952,911.0
FL_2008_000094_ZAF,0.4520082878969006,1087.0
FL_2024_000008_ZAF,0.46354523027735267,1041.0
FL_2023_000200_ZAF,0.5184564352033433,674.0
FL_2014_000038_ZAF,0.42851550818682893,1231.0
FL_2006_000027_IDN,0.5189452601498433,669.0
FL_2019_000011_IDN,0.4857176794948683,903.0
Indonesia: Floods and Landslides _ Mar 1984,0.4946596160781588,841.0
FL_2003_000531_IDN,0.5140125369205933,714.0
Indonesia: Floods _ May 1995,0.4642920730314839,1037.0
FL_2011_000196_IDN,0.514263315754232,710.0
Indonesia: Floods _ Nov 1987,0.4800925869839622,943.0
FL_2000_000770_IDN,0.527712210093654,591.0
FL_2010_000096_IDN,0.4794798121595361,946.0
FL_2023_000176_IDN,0.5189802498290788,668.0
FL_2007_000106_IDN,0.47371320309157483,975.0
FL_2006_000001_IDN,0.505678819845662,770.0
FL_2006_000192_IDN,0.4925506891048606,855.0
FL_2001_000407_IDN,0.5215446060198712,643.0
FL_2002_000732_IDN,0.5133194627718236,721.0
FF_2006_000049_IDN,0.5192117546241676,665.0
name,0.49469059513710073,840.0
FL_2013_000006_IDN,0.5398294393488263,480.0
FF_2020_000140_IDN,0.5331302358636507,536.0
FL_2019_000181_IDN,0.5233585806823751,628.0
FL_2000_000258_IDN,0.52697196826803,597.0
Indonesia: Floods and Landslides _ Jan 1989,0.47494447965796055,970.0
FF_2009_000196_IDN,0.4931659189250347,849.0
FL_2014_000005_IDN,0.501894620216849,794.0
FF_2019_000029_IDN,0.5172251636524546,690.0
Indonesia: Floods _ Feb 1993,0.48488350928136925,915.0
FF_2009_000069_IDN,0.48223146529405714,934.0
FF_2006_000069_IDN,0.545915847241397,440.0
Indonesia: Floods and Landslides _ Feb 1990,0.49957736820196336,810.0
FL_2002_000054_IDN,0.4887849261074392,881.0
LS_2016_000051_IDN,0.532673452095332,539.0
FL_2014_000154_IDN,0.48899282228813956,879.0
FL_2012_000153_IDN,0.5293960843206922,570.0
FF_2005_000067_IDN,0.5124318466550057,732.0
FL_2021_000005_IDN,0.5309180697486962,556.0
FL_2016_000009_IDN,0.5302551494263161,561.0
FL_2021_000173_IDN,0.5220943404107592,635.0
FL_2007_000023_IDN,0.5011631403732595,802.0
FL_2008_000205_IDN,0.44789031504905785,1111.0
FL_2010_000162_HND,0.5277552228958176,590.0
FL_2010_000149_GTM,0.5105040152204641,747.0
FL_2007_000189_NIC,0.500718429410935,806.0
FL_1999_000363_NIC,0.5106006638338464,746.0
FL_2008_000239_NIC,0.5035945665602006,783.0
FL_2009_000147_NIC,0.49901217785184565,815.0
FL_2008_000180_NIC,0.48221305674354503,935.0
FL_2008_000099_NIC,0.487915423976073,888.0
FL_2013_000085_NIC,0.4736165968192382,976.0
FL_2004_000036_MKD,0.5776253931253222,231.0
FL_2013_000024_MKD,0.5948858128162274,144.0
FF_2015_000115_MKD,0.5962504139911498,138.0
FF_2016_000079_MKD,0.6001427658671104,127.0
FL_2006_000121_MKD,0.5816405400111077,201.0
FL_2002_000782_MKD,0.5958476407089217,141.0
FL_2005_000132_MKD,0.5921081116967711,152.0
FL_2003_000585_MKD,0.5807471524726124,206.0
FL_2014_000054_TJK,0.5672108205994532,299.0
FL_2003_000273_TJK,0.5531210256675181,396.0
FF_2020_000138_TJK,0.5472562812415442,432.0
FL_2017_000079_TJK,0.5185152149922105,673.0
FL_2019_000058_TJK,0.5446322573099103,450.0
FL_2012_000051_TJK,0.548398775004349,426.0
FL_2021_000055_TJK,0.5655716512434132,315.0
FL_2015_000055_TJK,0.5602901430770995,343.0
FL_2002_000475_TJK,0.5442337533598248,454.0
FL_1999_000229_TJK,0.5827193701196005,198.0
FL_2005_000090_TJK,0.5464075893608495,437.0
FL_2004_000055_TJK,0.5576624832448547,365.0
FF_2007_000049_TJK,0.5460042256363389,439.0
FL_2018_000065_TJK,0.5695676718588119,278.0
FF_2011_000066_TJK,0.5453122019791149,442.0
FF_2005_000072_TJK,0.5371212464394841,503.0
FL_2010_000075_TJK,0.5555343119818563,375.0
FL_1998_000111_TJK,0.5783027663976719,225.0
FL_2009_000095_TJK,0.582165821436422,199.0
FL_2006_000058_TJK,0.5343067196432361,522.0
FL_1999_000547_VEN,0.42432521087052827,1252.0
FL_2022_000207_VEN,0.43183319263157194,1214.0
FL_2000_000735_VEN,0.4482001790831154,1107.0
FL_2015_000085_VEN,0.48153979501599553,936.0
FL_2012_000075_VEN,0.4495350629952244,1102.0
FL_2002_000445_VEN,0.4668605305233082,1024.0
FL_2011_000181_VEN,0.43637846846375816,1184.0
Venezuela: Floods _ Aug 1988,0.3992840964540916,1360.0
Venezuela: Floods _ Sep 1987,0.4759868856676219,961.0
FL_2021_000129_VEN,0.4542717909263122,1078.0
Venezuela: Floods _ Jul 1996,0.4176849541598751,1284.0
FL_2010_000240_VEN,0.43480373455675436,1196.0
FL_2005_000111_ROM,0.4095465673828924,1322.0
FL_2007_000155_ROM,0.4163753727612401,1293.0
FL_2004_000068_ROM,0.4698396517509589,1010.0
FL_1998_000193_ROM,0.4247957242801975,1247.0
FL_2006_000071_ROM,0.4269566519722693,1238.0
FL_2000_000187_ROM,0.46133786312822167,1051.0
FL_1997_000166_ROM,0.4354291179710831,1191.0
FF_2013_000113_ROM,0.4240521785277478,1254.0
FL_2015_000105_GIN,0.5682363010519813,289.0
FL_2006_000145_GIN,0.5349588371609127,518.0
Guinea: Floods _ Aug 1993,0.5337788451439704,529.0
FL_2001_000549_GIN,0.5551313336736939,379.0
FL_2024_000148_GIN,0.5763079135498542,239.0
FL_2022_000305_GIN,0.5509702306245103,410.0
FL_2021_000135_GIN,0.5341514007676412,526.0
FL_2009_000178_GIN,0.5770781175531742,234.0
FL_2017_000083_GIN,0.5544343204444263,386.0
FL_2011_000131_GIN,0.5522764654386525,404.0
FL_2023_000158_GIN,0.5376036345483634,498.0
FL_2020_000202_GIN,0.5803201053230054,207.0
FL_1997_000301_UGA,0.48327560854151425,927.0
FL_2019_000163_UGA,0.45507392032944294,1072.0
UGA_2011_000110,0.4562022082899794,1070.0
FL_2006_000124_UGA,0.4522601902367215,1085.0
FL_2024_000075_UGA,0.453077052309784,1081.0
FL_2021_000153_UGA,0.46087647542480903,1053.0
FL_2007_000138_UGA,0.4648654512308528,1031.0
FL_2019_000067_UGA,0.44211977543326914,1144.0
FL_2020_000132_UGA,0.4618457946396296,1050.0
FL_2022_000275_UGA,0.4365054774181856,1183.0
FL_2013_000055_UGA,0.44388144902888876,1138.0
FL_2008_000175_UGA,0.4647873437347255,1032.0
FF_2014_000060_AFG,0.5101884096205331,751.0
afg_1991_flood,0.5216600901950387,642.0
FL_2004_000059_AFG,0.5135010083436841,719.0
FL_2005_000094_AFG,0.5252076174678795,615.0
FF_2007_000091_AFG,0.5463073402183523,438.0
FF_2019_000018_AFG,0.515325896799389,696.0
FL_2002_000242_AFG,0.5140368416199983,713.0
FL_2011_000022_AFG,0.5107990063778889,744.0
FL_2013_000045_AFG,0.5387761510433404,489.0
FL_1997_000097_AFG,0.5417630090460921,468.0
FL_2004_000022_AFG,0.5010831977340531,803.0
FF_2023_000133_AFG,0.5329467607191165,538.0
FL_2006_000056_AFG,0.552581279749027,403.0
FL_2021_000050_AFG,0.5342441078417133,524.0
FL_2010_000021_AFG,0.5049633009791084,774.0
FF_2012_000118_AFG,0.5175137878711636,684.0
FL_2020_000050_AFG,0.5244097392025875,619.0
Afghanistan: Floods _ Jun 1988,0.5124054450476214,733.0
FL_2010_000127_AFG,0.5027088082114396,792.0
FL_2024_000038_AFG,0.5285173559471115,578.0
FL_2007_000035_AFG,0.5309382370176092,555.0
FF_2013_000088_AFG,0.537070295862232,504.0
Afghanistan: Floods _ May 1996,0.5031981631005237,786.0
FL_2009_000171_AFG,0.5388122282455705,487.0
Afghanistan: Flash Floods _ Sep 1992,0.5429229797986617,461.0
FF_2006_000163_AFG,0.5141118850850599,712.0
FF_2020_000191_AFG,0.5269354683402943,598.0
FL_2007_000054_AFG,0.5319775398178361,543.0
FL_2012_000050_AFG,0.5375311683471381,499.0
FF_2022_000209_AFG,0.5286333373640995,575.0
FL_2005_000048_AFG,0.5306058309844434,559.0
FL_2009_000080_AFG,0.5549678881366549,381.0
FF_2016_000093_LAO,0.528700697652582,574.0
FF_2024_000156_LAO,0.5542688809448809,387.0
FL_2002_000614_LAO,0.5388892118297932,486.0
FL_2023_000139_LAO,0.5730834406797618,259.0
FL_2019_000103_LAO,0.5678731528157672,294.0
FL_2022_000292_LAO,0.5536040542517519,392.0
FL_2013_000101_LAO,0.5219180541579451,637.0
FL_2008_000054_THA,0.5659821581911346,311.0
FL_2020_000213_LAO,0.5094211915832709,754.0
Lao PDR: Floods _ Aug 1996,0.5342016977607091,525.0
FL_2000_000583_LAO,0.5621131852182322,335.0
Lao PDR: Floods _ Sep 1995,0.5372826456544533,502.0
FF_2018_000118_LAO,0.5208207276101252,648.0
FL_2013_000068_CZE,0.548763817866623,423.0
FL_2009_000121_CZE,0.5503293459051274,413.0
FL_1997_000142_CZE,0.5447772678992295,448.0
FL_2024_000169_AUT,0.5399875215848173,479.0
FL_1998_000329_BEN,0.3963980291351672,1368.0
FL_2007_000165_BEN,0.37386146244620483,1437.0
Benin: Floods _ Sep 1988,0.3508168194351239,1484.0
FL_2012_000174_BEN,0.3486323904598544,1487.0
FL_2011_000091_BEN,0.37089203758124634,1447.0
Benin: Floods _ Sep 1994,0.33140923300186137,1504.0
FL_2021_000145_BEN,0.3909618289484471,1385.0
FL_2007_000141_NGA,0.3398852168003397,1493.0
FF_2013_000118_BEN,0.3874037468799105,1394.0
FL_2008_000102_CIV,0.376097759666706,1432.0
FL_2010_000118_GHA,0.3220769900272395,1509.0
FL_2009_000127_BEN,0.3853942874526811,1400.0
FL_2022_000332_BEN,0.3556652517781991,1481.0
FL_1997_000199_BEN,0.3721007419258362,1443.0
FL_2009_000198_BEN,0.32594982879853995,1507.0
FF_2008_000202_MAR,0.4714305365654462,998.0
FL_2009_000034_MAR,0.440502086863122,1152.0
FL_2009_000265_MAR,0.41682499737093515,1290.0
FL_2014_000159_MAR,0.49635913645298624,830.0
FL_2002_000734_MAR,0.43851008872848557,1169.0
FL_2010_000245_MAR,0.4355341176338473,1190.0
FL_2005_000184_VNM,0.4678282367635941,1020.0
Viet Nam: Floods _ Oct 1996,0.48947900761567614,873.0
FL_2009_000124_VNM,0.4779322919909406,952.0
FF_2019_000068_VNM,0.4715388496444321,996.0
FL_2011_000137_VNM,0.4841158659679615,921.0
FF_2004_000060_VNM,0.4239127641489503,1255.0
FL_2013_000142_VNM,0.4891702433666224,877.0
FL_2003_000505_VNM,0.5008686088072706,804.0
ST_2012_000061_VNM,0.47263799682446894,989.0
FL_2000_000408_VNM,0.5006240682209933,807.0
FL_1999_000574_VNM,0.4935600571450855,846.0
FL_1999_000428_VNM,0.46541831218363944,1029.0
Viet Nam: Floods _ Oct 1992,0.48642327920263223,899.0
FL_2022_000336_VNM,0.5131328615478941,722.0
FL_2001_000492_VNM,0.47485809675013124,972.0
FL_1991_000009_VNM,0.49943913659373546,812.0
FF_2023_000136_VNM,0.487071169557849,896.0
FL_1998_000316_VNM,0.4969304384434153,827.0
FF_2008_000194_VNM,0.4846560747406996,917.0
FF_2017_000101_VNM,0.4896775005099552,872.0
FL_2020_000210_VNM,0.5046219983688225,779.0
Viet Nam: Floods _ Oct 1995,0.4688545146391131,1014.0
FL_2010_000091_VNM,0.5173395497796275,688.0
FL_2002_000470_VNM,0.48776046249267746,890.0
FL_1994_000007_VNM,0.49585150229489483,834.0
FL_2007_000122_VNM,0.5046612212230849,778.0
FL_1999_000244_VNM,0.4892201987543371,875.0
FL_1990_000004_VNM,0.4846484736205345,918.0
FL_2010_000194_VNM,0.4756454573933284,965.0
FL_2013_000116_NGA,0.5247390623901325,618.0
Nigeria: Floods _ Sep 1994,0.5443883843168653,452.0
FL_2023_000193_NGA,0.520152762327643,652.0
FL_2015_000155_NGA,0.5238977126014392,624.0
FL_2018_000120_NGA,0.5279868439642369,588.0
FL_2012_000138_NGA,0.5652323299031209,319.0
FL_2020_000196_NGA,0.5447595697412033,449.0
FF_2011_000088_NGA,0.5219489206909398,636.0
FL_2009_000183_NGA,0.5481498620262503,428.0
FL_2007_000123_NGA,0.5197112057677393,660.0
FL_2017_000126_NGA,0.5108475561250954,743.0
FL_2019_000093_NGA,0.5259514386609632,609.0
FL_2005_000150_NGA,0.5394603775403182,482.0
FL_2022_000271_NGA,0.5239104522351856,623.0
FL_2003_000455_NGA,0.5279455963493445,589.0
FL_2024_000159_NGA,0.5419226532073045,466.0
FL_2001_000095_HUN,0.45637293800903955,1069.0
Hungary: Floods _ Mar 1999,0.44781107249925134,1112.0
FL_2001_000096_UKR,0.44075314290677864,1150.0
FL_2000_000191_HUN,0.4619123228948472,1049.0
FL_2001_000079_ROM,0.4519135777978443,1091.0
FL_2008_000117_ROM,0.43108219777762374,1218.0
1994_01_01T00:00:00+00:00,0.49141104473942737,866.0
1993_08_01T00:00:00+00:00,0.524921117711008,617.0
FL_1998_000359_UKR,0.4892859683204352,874.0
FF_2020_000156_UKR,0.4987298026631748,818.0
FL_2006_000085_UKR,0.5116805668081141,739.0
FL_2006_000172_COG,0.4981130807638889,821.0
FL_2023_000001_COG,0.5001574127452866,808.0
FL_2019_000160_COG,0.5055215635469722,771.0
FF_2012_000196_COG,0.49254340918987244,856.0
FF_2021_000198_COG,0.4916326064564947,862.0
FL_2007_000206_COG,0.5060351990657097,767.0
FL_2011_000123_RUS,0.5938954645107584,146.0
Russia: Floods _ Sep 1994,0.5635638761137465,324.0
FL_2018_000360_RUS,0.5873884518433496,173.0
Russian Federation: Floods _ Apr 2004,0.5829653563466621,195.0
FL_1998_000179_RUS,0.5832429349521318,190.0
Russia: Floods _ Jun 1993,0.5848661739477665,182.0
FL_2017_000052_RUS,0.5730191807884635,260.0
FL_2012_000063_RUS,0.5732517821764715,257.0
FF_2012_000115_RUS,0.5579666730763271,364.0
FL_2002_000376_RUS,0.5916126263565334,155.0
FL_2010_000208_RUS,0.5485521696183392,425.0
FL_2002_000482_RUS,0.5891708864998427,162.0
FL_2010_000072_RUS,0.5711703528328915,271.0
FL_2016_000061_RUS,0.5689721880158363,285.0
FL_2014_000073_RUS,0.5665295869638158,305.0
FL_2018_000046_RUS,0.5814745314555458,203.0
FL_2001_000227_RUS,0.5656946673598179,313.0
FF_2013_000100_RUS,0.5768150177737492,235.0
FL_1997_000111_ARM,0.44728120420857387,1116.0
FF_2024_000087_ARM,0.4539167629974719,1079.0
FL_2022_000190_TUN,0.36326710812528384,1464.0
Tunisia: Floods _ Oct 1986,0.3655764239901619,1456.0
FL_2003_000027_TUN,0.3836935012252315,1409.0
FF_2018_000158_TUN,0.3497647942343565,1485.0
FF_2007_000185_TUN,0.3704254322596093,1449.0
FF_2009_000204_TUN,0.43919595298201003,1165.0
FF_2020_000204_TUN,0.3814519605812181,1418.0
FL_2016_000123_DOM,0.5176437547791526,682.0
FL_2003_000571_DOM,0.5102646363875487,749.0
FL_2004_000028_DOM,0.5029587460553221,788.0
FL_2024_000216_DOM,0.501726074416643,796.0
FL_2008_000170_DOM,0.5014559507141884,798.0
FL_2023_000103_DOM,0.5292742339695589,572.0
FL_2009_000100_DOM,0.48705173863572976,897.0
FL_2009_000031_DOM,0.49633687201997256,831.0
FL_2010_000026_DOM,0.5269121651874868,599.0
FL_2012_000068_DOM,0.501286199148977,801.0
FL_2023_000236_DOM,0.5488529495148151,420.0
FL_2010_000121_DOM,0.5086359456276296,758.0
FL_2011_000061_DOM,0.5102409089624669,750.0
FL_2016_000130_VCT,0.4497679822571819,1101.0
FL_2011_000043_VCT,0.440579290507598,1151.0
FL_2013_000159_VCT,0.4353140765740458,1192.0
FL_2008_000167_VCT,0.3356041061355163,1501.0
FL_2018_000144_PRK,0.4375921325265125,1175.0
FL_2004_000063_PRK,0.45910781782095955,1060.0
FL_2006_000158_PRK,0.4358081549412976,1189.0
FL_2015_000113_PRK,0.44865642253577653,1105.0
FL_2012_000123_PRK,0.4200194561529035,1275.0
FL_2013_000081_PRK,0.42970990679888355,1224.0
FL_2010_000153_PRK,0.4567062421332106,1066.0
FL_1998_000272_PRK,0.45192703199780726,1089.0
FL_2002_000478_PRK,0.4647625700231055,1033.0
FL_2016_000097_PRK,0.44871004913122786,1104.0
FL_2001_000571_PRK,0.47320730058760585,983.0
FL_2005_000109_PRK,0.4547051379126683,1075.0
FL_2007_000126_PRK,0.46627486179414823,1027.0
FL_2011_000096_PRK,0.40785980609623246,1327.0
FL_2006_000091_PRK,0.4398701652230522,1159.0
FL_2023_000160_NER,0.5123695509956615,734.0
FL_2020_000190_NER,0.5147654519610738,704.0
FL_2011_000122_NER,0.5431526411492178,459.0
FL_2024_000120_NER,0.5183323518554722,676.0
FL_2019_000101_NER,0.5147110512661975,706.0
FL_2009_000174_NER,0.5201370582519218,654.0
FL_2014_000115_NER,0.5376562251516092,497.0
FL_2013_000098_NER,0.4953824166395445,837.0
FL_2022_000316_NER,0.550209246170541,414.0
FL_2015_000123_NER,0.5311086397312613,554.0
FL_2006_000133_NER,0.5317508442643265,549.0
FL_2009_000144_NER,0.5274614368470882,593.0
FL_2007_000147_NER,0.4939854108580252,844.0
Niger: Floods _ Aug 1994,0.5243584027093132,620.0
FL_2017_000078_NER,0.5393892082098242,484.0
FL_2016_000091_NER,0.5236727767600956,627.0
FL_2021_000127_NER,0.49624718251380995,833.0
FL_2012_000141_NER,0.5297743021763957,566.0
FL_2018_000028_BWA,0.39641194744621594,1367.0
FL_2009_000120_BWA,0.38318081035660534,1414.0
FL_2000_000012_MOZ,0.4405017698347105,1153.0
FL_2013_000013_BWA,0.4168629253596594,1289.0
FL_2000_000048_BWA,0.3974820563635839,1366.0
FL_2025_000029_BWA,0.3856236495611711,1398.0
FL_2018_000164_HND,0.45814595427061333,1062.0
FL_2011_000005_HND,0.4223485985306488,1264.0
FL_2017_000160_HND,0.44512708434549314,1131.0
FL_2022_000328_HND,0.4464256613780693,1120.0
FL_2008_000191_HND,0.47553752879917266,967.0
FL_2012_000083_HND,0.43375530730326206,1206.0
FL_1999_000324_HND,0.4141372009236963,1301.0
FL_2003_000481_HND,0.4593175866283005,1058.0
FL_2005_000110_BIH,0.4121710084311875,1309.0
FF_2021_000189_BIH,0.44492775029414877,1132.0
FL_2005_000208_BIH,0.36635034072938244,1455.0
FL_2009_000044_BIH,0.44988411220018887,1100.0
FL_2022_000378_BIH,0.4326762701222381,1210.0
FF_2010_000094_HUN,0.4641238020342524,1038.0
FL_2023_000079_BIH,0.4127962442185653,1307.0
FF_2020_000153_BIH,0.4221111369571106,1265.0
FL_2009_000136_BIH,0.4122717622731449,1308.0
FL_2009_000216_ITA,0.5879580422492015,169.0
FL_2023_000088_ITA,0.5808552353049069,205.0
FF_2008_000178_DZA,0.6481130814646197,75.0
FL_2021_000023_DZA,0.6237899967410778,97.0
FL_2007_000051_TUN,0.6020356861787348,124.0
FL_2015_000146_DZA,0.6195368216279346,100.0
Algeria: Floods _ Nov 1994,0.6175447101424553,102.0
FL_2002_000540_DZA,0.6499144122187971,74.0
FL_2024_000168_DZA,0.6288408892048636,96.0
FL_2024_000024_DZA,0.6533666323272933,71.0
Algeria: Floods _ Jan 1985,0.6441876288985633,81.0
FL_2006_000023_DZA,0.6055982536415836,116.0
FL_2001_000620_DZA,0.6206473809871381,99.0
FL_2024_000165_CAF,0.558695168645964,356.0
FL_2021_000123_CAF,0.568931516390405,286.0
FL_2022_000321_CAF,0.5591646901394667,348.0
FL_2011_000164_CAF,0.5736674277093524,254.0
ST_2011_000073_CAF,0.5583060803244979,361.0
FL_2005_000137_CAF,0.5510249125511395,409.0
FL_2012_000164_CAF,0.5713155517464944,269.0
FL_2019_000098_CAF,0.5389720557883222,485.0
FL_2015_000053_CAF,0.5785393525121858,223.0
FL_2009_000129_CAF,0.5734554556340044,256.0
FL_2013_000112_CAF,0.5710394208147558,272.0
FL_2017_000134_CAF,0.5468570425580599,435.0
FL_2004_000116_CAF,0.5776819974651541,229.0
FL_2007_000174_CAF,0.5550674052217128,380.0
FL_1999_000413_CAF,0.5510556455387954,408.0
1996_10_01T00:00:00+00:00,0.5608949416138477,340.0
FF_2012_000101_GAB,0.5816359144770465,202.0
FL_2024_000230_GAB,0.588319571733903,167.0
Gabon: Inondations _ Nov 1988,0.5725349544596479,263.0
FL_2005_000138_PNG,0.4509773820647832,1097.0
FL_2016_000026_PNG,0.4712736568119615,999.0
FL_2015_000018_PNG,0.4833312484455823,926.0
FL_2006_000025_PNG,0.4388508892230261,1167.0
FL_2013_000017_PNG,0.4313049860771,1216.0
Papua New Guinea: Floods _ Jun 1993,0.47300034602999413,985.0
FL_2007_000209_PNG,0.45185342283942187,1092.0
FL_2024_000031_MWI,0.4384855206876379,1170.0
FL_1997_000025_MWI,0.45686423584595554,1064.0
FL_2012_000210_MWI,0.47691572685773054,958.0
FL_2006_000013_MWI,0.46208836275295295,1048.0
FL_2019_000014_MWI,0.4887480752840426,882.0
FL_2002_000808_MWI,0.44448331284315623,1134.0
FL_2001_000025_MWI,0.4451963454146359,1129.0
FL_2015_000006_MWI,0.4669273704722118,1023.0
FL_2024_000167_THA,0.5493567062731517,416.0
Thailand: Floods and Mudslides _ Nov 1988,0.5558311097261034,373.0
FL_2006_000062_THA,0.572192367128508,265.0
FL_2011_000135_THA,0.597957025898372,134.0
Thailand: Floods _ Oct 1995,0.541956278177927,465.0
FL_2008_000250_THA,0.5681684767241363,290.0
FL_2005_000153_THA,0.6059211486788485,115.0
FL_2021_000147_THA,0.5683355017543809,287.0
FL_2005_000209_THA,0.5792949775389997,216.0
FL_2001_000450_THA,0.5830499024037523,193.0
FL_2011_000032_THA,0.575119576059135,244.0
FL_2009_000237_THA,0.5984421031217941,131.0
FL_2019_000104_THA,0.5761238355776026,240.0
FL_2013_000083_THA,0.5774543467550955,232.0
FL_2006_000125_THA,0.5589426793110401,353.0
FL_2022_000333_THA,0.5605616669298172,342.0
FL_2017_000004_THA,0.6044862456736203,119.0
FL_2017_000053_THA,0.5875665376654515,170.0
FL_2010_000152_THA,0.5793069960394523,215.0
FL_2007_000199_THA,0.5622954934310117,332.0
FL_2002_000641_THA,0.5589828864328765,351.0
FF_2009_000107_THA,0.5910433625085467,157.0
FL_2014_000014_SYC,0.5433789940657094,456.0
FL_1997_000207_SYC,0.5342715734612878,523.0
Philippines: Floods _ Feb 1989,0.49305179939032995,851.0
FL_2008_000024_PHL,0.5280602635901978,587.0
FF_2008_000082_PHL,0.5016890090800747,797.0
FL_2016_000084_PHL,0.512543450212366,729.0
FL_2009_000011_PHL,0.5405971380407455,475.0
FL_2010_000107_PHL,0.5261954939755842,606.0
FL_2013_000095_PHL,0.49658441121887853,829.0
FL_1999_000053_PHL,0.5212252738719645,645.0
ST_1998_000296_PHL,0.5081555982980381,760.0
FL_1991_000010_PHL,0.5301003799125105,562.0
FL_2014_000079_PHL,0.5485837414185821,424.0
FF_2008_000063_PHL,0.5121338253107972,736.0
FL_2000_000038_PHL,0.5018883707822127,795.0
FL_1993_000013_PHL,0.5180956085185611,678.0
FL_2005_000205_PHL,0.4643416144762272,1035.0
FL_2011_000067_PHL,0.5267380712812384,600.0
FL_2015_000081_PHL,0.48548100270366207,909.0
FL_2014_000006_PHL,0.4711537600195614,1001.0
FL_2017_000010_PHL,0.5014240736574502,799.0
FL_1999_000253_PHL,0.4963005637267869,832.0
FL_2011_000204_PHL,0.5184434127940725,675.0
FL_1995_000012_PHL,0.5165229364494524,692.0
FL_2019_000120_PHL,0.5300663657215026,563.0
FF_2009_000201_PHL,0.5133308209976923,720.0
FL_2007_000003_PHL,0.5260279191459939,608.0
FL_2009_000234_PHL,0.5396383146086938,481.0
FL_2007_000125_PHL,0.5415462466741763,470.0
FL_2010_000219_PHL,0.528558386820768,577.0
Philippines: Floods and Landslides _ Jun 2018,0.4607506113820151,1054.0
FL_2021_000091_PHL,0.5312849362085534,552.0
FL_2007_000210_PHL,0.5256388234774969,610.0
FF_2008_000233_PHL,0.5296498576440082,568.0
FF_2012_000102_PHL,0.5028646626055295,789.0
Philippines: Floods _ Jun 1990,0.5200180861457899,655.0
FL_2023_000231_BDI,0.6024007980716104,122.0
FL_2006_000190_BDI,0.589058588465279,164.0
FL_2019_000167_BDI,0.593144058252051,149.0
FL_2018_000054_BDI,0.59539999525323,143.0
FL_2020_000054_BDI,0.597430995540827,135.0
LS_2010_000040_UGA,0.5725465957779035,262.0
FL_2021_000039_BDI,0.5921033339645823,153.0
FL_2015_000176_BDI,0.6054946082261878,117.0
Burundi: Floods _ Feb 1989,0.5875363537388647,171.0
FL_2011_000037_BDI,0.5980220925481243,132.0
FL_2008_000187_BDI,0.5837206570233875,188.0
FL_2009_000075_BDI,0.5830577546257415,192.0
FL_2014_000019_BDI,0.5832205135552937,191.0
FL_2017_000012_MOZ,0.4300513309064859,1222.0
FL_1997_000026_MOZ,0.3984272962843044,1362.0
FL_2001_000019_MOZ,0.4287569086252452,1230.0
FL_2023_000018_MOZ,0.4101924002582678,1320.0
Namibia: Floods _ Mar 2004,0.40655368197028596,1334.0
FL_2003_000020_MOZ,0.4229342263255284,1259.0
FL_2020_000011_MOZ,0.373433019778888,1439.0
FL_1999_000071_MOZ,0.3743453114865852,1436.0
FL_2013_000008_MOZ,0.38707021789561735,1395.0
Moldova: Floods _ Aug 1994,0.547267094631783,431.0
FL_2005_000157_MDA,0.570053305261999,277.0
FL_1997_000522_MDA,0.5451666289205909,444.0
FL_2003_000624_HTI,0.38009033136945036,1421.0
FL_2009_000206_HTI,0.39600195497686164,1371.0
Haiti: Floods _ Feb 1996,0.37380060602874954,1438.0
FL_2007_000040_HTI,0.37897250579905756,1424.0
FL_2006_000171_HTI,0.40130405670103253,1354.0
FL_2016_000054_HTI,0.39397710080087733,1379.0
FL_2014_000155_HTI,0.4248128006286223,1246.0
FL_2011_000156_HTI,0.4067220855358976,1332.0
Haiti: Floods _ Nov 1986,0.3842160558819868,1406.0
FL_2010_000037_HTI,0.38747617835757847,1393.0
FL_2009_000102_HTI,0.4007493273539875,1356.0
FL_2024_000212_HTI,0.3904388110493239,1387.0
FL_2012_000191_HTI,0.4109544069500727,1313.0
FL_2006_000115_HTI,0.42086329658303884,1271.0
FL_2012_000054_HTI,0.4030776435829715,1347.0
FL_2017_000043_HTI,0.36414964981025977,1461.0
FL_2007_000181_HTI,0.43515204321774725,1193.0
FL_2025_000060_HTI,0.4026909116333999,1348.0
FL_2002_000321_HTI,0.3387968909923319,1495.0
FL_2016_000019_HTI,0.3960722812315216,1370.0
FL_2005_000105_HTI,0.3480980183707165,1488.0
FL_2023_000085_HTI,0.3988734426033938,1361.0
Haiti: Floods _ Jun 1986,0.40478378482758937,1339.0
FL_2011_000063_HTI,0.40578531539497004,1335.0
FL_2013_000074_HTI,0.39319559055480824,1380.0
FL_2022_000158_HTI,0.4252164396304229,1242.0
FL_2015_000037_HTI,0.3783440335646815,1427.0
FL_2019_000052_SRB,0.6342933719920634,91.0
FF_2020_000158_SRB,0.6608118092538666,66.0
FL_2010_000042_SRB,0.6324766278258949,92.0
FF_2014_000059_SRB,0.6501479768706979,73.0
FL_2016_000025_SRB,0.6464316056549149,79.0
FL_2007_000217_SRB,0.6371917515217881,85.0
FL_2009_000245_SRB,0.6288602882226517,95.0
FF_2013_000029_SRB,0.6505596023993121,72.0
FL_2023_000108_SRB,0.6430368567105453,83.0
FL_2016_000122_SRB,0.6344035497880189,90.0
FL_2019_000051_LBY,0.6076327871579081,111.0
FL_2024_000223_LBY,0.6137135514904024,105.0
FL_2023_000168_LBY,0.6189026011130974,101.0
FL_2022_000374_TTO,0.4332603991533267,1207.0
FL_2018_000194_TTO,0.42122314745063494,1269.0
FL_1997_000137_CHL,0.4679198086478204,1018.0
FL_2015_000027_CHL,0.3912051466140999,1384.0
FL_2006_000086_CHL,0.4324024665655848,1212.0
FL_2008_000069_CHL,0.4065746657280229,1333.0
FL_2012_000039_CHL,0.4179720911832567,1283.0
FL_2023_000110_CHL,0.43082484190134523,1220.0
FL_2002_000322_CHL,0.4755825714045817,966.0
FL_2008_000155_CHL,0.4165221781999535,1291.0
FL_2009_000165_CHL,0.42284233107717334,1260.0
FL_2000_000375_CHL,0.4924583896686984,858.0
FL_2014_000045_SLB,0.4973269014585327,823.0
FF_2012_000107_SLB,0.49711330801064746,825.0
FL_2010_000014_SLB,0.49895740942537814,816.0
FL_2009_000032_SLB,0.5091124977022681,757.0
FL_2007_000131_SEN,0.4704919237144943,1007.0
FL_2024_000198_SEN,0.4726697039345667,988.0
FL_2022_000290_SEN,0.48786918891997844,889.0
FL_2016_000102_SEN,0.44426882497152753,1135.0
FL_2009_000164_SEN,0.4701279882694932,1009.0
FL_2020_000198_SEN,0.558433459105204,358.0
FL_2011_000108_SEN,0.47517154637460124,969.0
FL_2002_000026_SEN,0.5033408551829961,785.0
FL_2012_000169_SEN,0.4722806765343711,992.0
FL_2016_000089_SEN,0.5041386472431038,781.0
FL_2019_000118_SEN,0.515314626241621,697.0
FL_2002_000607_ALB,0.46727053893952564,1022.0
FL_2004_000142_ALB,0.4289942746961259,1229.0
FL_2009_000266_ALB,0.4602086254812475,1056.0
FL_2017_000174_ALB,0.454594226335201,1076.0
FL_2016_000117_ALB,0.4344307489773339,1199.0
FL_2010_000239_MNE,0.43397632946529463,1205.0
FL_2015_000009_ALB,0.41823285337078986,1282.0
FL_2009_000170_MRT,0.4904513006547932,869.0
FL_2022_000286_MRT,0.49179423235282954,860.0
FL_2019_000108_MRT,0.4884816220202543,884.0
FL_2013_000119_MRT,0.48711887900125594,895.0
FL_2023_000146_MRT,0.4836630552943476,925.0
FL_2020_000199_MRT,0.5051998796164319,772.0
FL_2007_000127_MRT,0.48410091646339976,922.0
FL_2006_000106_MRT,0.499205515759127,814.0
FL_2010_000176_MRT,0.5056960781794126,769.0
FL_2005_000002_GUY,0.4938594832135857,845.0
FL_2008_000246_GUY,0.4930597500264081,850.0
FL_2006_000009_GUY,0.4876983248746003,891.0
Guyana: Floods _ Jul 1996,0.4748588999366373,971.0
FL_2015_000093_GUY,0.47326315336060587,981.0
FL_2021_000066_GUY,0.4970809768747103,826.0
FL_2007_000111_GBR,0.515930614560537,695.0
FL_2012_000198_PAN,0.429644392413969,1225.0
FL_2004_000100_PAN,0.4505359373470713,1098.0
FL_2011_000180_PAN,0.4642994821732991,1036.0
FL_2021_000096_PAN,0.38540196123504783,1399.0
FL_2022_000365_PAN,0.45500198760745136,1073.0
FL_2007_000086_PAN,0.44243295710699243,1142.0
FL_2009_000240_PAN,0.43263215488314144,1211.0
FL_2009_000101_PAN,0.47096294487953283,1003.0
FL_2008_000158_PAN,0.4525705024580251,1084.0
FL_2010_000119_PAN,0.42735653531149315,1234.0
FL_2008_000231_PAN,0.4650282505713843,1030.0
FL_2006_000151_PAN,0.4038703184903902,1342.0
FL_2010_000225_PAN,0.4176209768496335,1285.0
FL_2024_000209_PAN,0.38507999354908184,1402.0
FL_2004_000115_PAN,0.43420216194788663,1201.0
FL_2013_000087_MMR,0.48757986071890863,892.0
FL_2015_000080_MMR,0.45809671616460834,1063.0
1995_09_01T00:00:00+00:00,0.45914672006158264,1059.0
FL_2011_000107_MMR,0.47298685833918935,986.0
FL_2012_000140_MMR,0.44626869873808317,1122.0
FL_2018_000124_MMR,0.472491686296468,990.0
FL_2017_000091_MMR,0.4686146292348123,1015.0
FL_2024_000104_MMR,0.4784580878642433,950.0
FL_1997_000177_MMR,0.4788391484467035,948.0
FL_2014_000107_MMR,0.46855143901151086,1016.0
FL_2019_000081_MMR,0.4796177636635205,945.0
FL_2020_000172_MMR,0.5027710449521122,791.0
FL_2010_000115_MMR,0.5270941422091835,596.0
FL_2005_000160_MMR,0.4916959389598567,861.0
FL_2023_000189_MMR,0.4645465864423616,1034.0
FL_2021_000095_MMR,0.44703620985252396,1117.0
FL_2016_000058_MMR,0.46270203739492494,1044.0
FL_2004_000052_JPN,0.6750482577558444,61.0
FL_2009_000192_MEX,0.36290637593536745,1466.0
FL_1999_000391_MEX,0.3838049690083038,1408.0
FL_2007_000200_MEX,0.38321322923339346,1413.0
FL_2003_000482_MEX,0.3560288145822972,1479.0
FL_2008_000086_MEX,0.3554396520575373,1482.0
FL_2008_000154_MEX,0.3769567385363439,1430.0
FL_2002_000510_MEX,0.40350953215787444,1343.0
FL_2010_000150_MEX,0.3125854293736395,1518.0
FL_2007_000154_MEX,0.38774082336900584,1391.0
FL_2011_000133_MEX,0.37317188974462606,1441.0
FL_2010_000019_MEX,0.361152870751254,1468.0
FL_2009_000135_MEX,0.3377393488632007,1498.0
2011_06_30T00:00:00+00:00,0.3311701574300894,1505.0
FL_2009_000132_GHA,0.5691054045643318,283.0
FL_2001_000314_GHA,0.5829362584213972,196.0
FL_2018_000154_GHA,0.5483635134967463,427.0
FL_2023_000215_GHA,0.5639926988078623,323.0
FL_2002_000373_GHA,0.5362917585534512,513.0
FL_2019_000135_GHA,0.5630827923723971,326.0
FL_2011_000106_GHA,0.5659973796493307,310.0
FL_2015_000065_GHA,0.5780048623617876,228.0
FL_1999_000315_GHA,0.5472278157732454,434.0
Ghana: Floods _ Jul 1995,0.5784574411380176,224.0
FL_2017_000095_GHA,0.5596366566798474,346.0
FL_2013_000041_GHA,0.5707623224024243,273.0
FF_2021_000032_TLS,0.5504481160616899,412.0
FL_2003_000647_TLS,0.5451331730595491,446.0
FF_2006_000022_TLS,0.5537960278561811,390.0
FL_2007_000107_TLS,0.5384176650113672,490.0
FL_2003_000293_TLS,0.5345600014025758,520.0
El Salvador: Floods in South Eastern Region _ Oct 1992,0.3387642591837899,1496.0
FL_1999_000349_SLV,0.3366108225083058,1500.0
FL_2005_000171_SLV,0.3836247306229013,1410.0
El Salvador: Floods _ Oct 2018,0.3205464155900787,1512.0
FL_2022_000331_SLV,0.41026802760024966,1319.0
FL_2008_000103_SLV,0.38382667596053055,1407.0
FL_2024_000098_SLV,0.3204745960391603,1513.0
FL_2019_000136_SLV,0.29464780806489027,1520.0
FL_2005_000103_SLV,0.31846927836374034,1515.0
FL_2008_000191_SLV,0.3434418701279489,1490.0
FL_1997_000143_POL,0.6347292822678581,89.0
FL_2001_000390_POL,0.6600387521813249,67.0
FL_2010_000089_AZE,0.4848180068142507,916.0
FL_2003_000212_AZE,0.463239988074011,1042.0
Azerbaijan: Floods _ Jun 1995,0.4790174111123434,947.0
FL_1997_000140_AZE,0.48011700275389896,942.0
FL_2009_000208_AZE,0.482642860630428,931.0
FF_2022_000278_MNG,0.5186199686206243,671.0
FF_2021_000098_MNG,0.5549039402990226,382.0
FL_2018_000092_MNG,0.5445560959645266,451.0
FL_2023_000111_MNG,0.5508718455406845,411.0
FL_2009_000140_MNG,0.5400427428824934,478.0
FF_2020_000168_MNG,0.5528111709635665,399.0
Mongolia: Flash Floods _ Aug 1994,0.5144712586760507,709.0
FL_2003_000350_MNG,0.5387836242686566,488.0
FL_2010_000051_KAZ,0.420720941985555,1273.0
FL_2011_000038_KAZ,0.37814013158936577,1428.0
FL_2024_000039_KAZ,0.4053696464466844,1336.0
FF_2014_000048_KAZ,0.3682776710341741,1451.0
FL_2008_000032_KAZ,0.36536205248275944,1457.0
FL_2015_000039_KAZ,0.3765834349955876,1431.0
FL_2012_000030_KAZ,0.3601500062174764,1470.0
FL_2001_000524_MLI,0.416000806656558,1295.0
FL_2024_000144_MLI,0.43982856308887053,1161.0
FL_2010_000195_MLI,0.410051798201917,1321.0
FL_2011_000129_MLI,0.38273063362930054,1415.0
FF_2007_000100_MLI,0.4246441476723128,1249.0
FL_2019_000100_MLI,0.4272838812979574,1235.0
Mali: Floods _ Sep 1989,0.41143255399940604,1311.0
FL_2013_000104_MLI,0.41901396354427,1278.0
FL_2016_000085_MLI,0.4034914168356447,1344.0
FL_2009_000176_MLI,0.42572821304498265,1240.0
FL_2017_000110_MLI,0.43594297649781266,1188.0
FL_2018_000140_MLI,0.440282634457116,1154.0
FL_2012_000172_MLI,0.4567303739853489,1065.0
FL_2007_000144_LBR,0.5225981553719423,634.0
FL_2016_000071_LBR,0.4980486945698299,822.0
FL_2023_000167_LBR,0.4892031692523314,876.0
FL_2009_000179_LBR,0.4855426697024965,908.0
FL_2024_000116_LBR,0.5064840328796723,763.0
FL_2001_000252_ECU,0.42448023893093656,1250.0
FL_2013_000051_ECU,0.43664683314495933,1181.0
FL_2023_000053_ECU,0.4360877903540798,1187.0
FL_2022_000164_ECU,0.4374320751897013,1177.0
FL_2007_000088_ECU,0.3870079220312057,1396.0
LS_2011_000104_ECU,0.4145786108355774,1299.0
FL_2025_000026_ECU,0.47222046955323604,993.0
FL_1997_000526_ECU,0.44793675754093926,1109.0
FL_2010_000262_ECU,0.42469817426646195,1248.0
FL_2008_000018_ECU,0.38518974953889645,1401.0
FL_2024_000015_ECU,0.42352869247397873,1257.0
FL_1997_000092_ECU,0.4149891081088664,1298.0
FL_2002_000125_ECU,0.37837334724016863,1426.0
FL_2023_000094_ECU,0.4232026343928682,1258.0
FL_2009_000023_ECU,0.4012231479536844,1355.0
FL_2010_000023_ECU,0.37328231105671533,1440.0
FL_2012_000013_ECU,0.3947664283856097,1376.0
FL_2006_000034_ECU,0.427139293445281,1236.0
FL_2024_000162_CMR,0.5377387250095396,496.0
FL_2012_000157_CMR,0.528566752220825,576.0
FL_2008_000126_TCD,0.5478764635560425,430.0
FL_2007_000149_CMR,0.5790939998515958,217.0
FL_2014_000121_CMR,0.5305036809610673,560.0
FL_2019_000119_CMR,0.5197020579645996,661.0
FL_2013_000123_CMR,0.5176157586895808,683.0
FL_2020_000195_CMR,0.5378990964588415,494.0
Cameroon: Floods _ Sep 1994,0.5318684166543612,546.0
FF_2017_000122_CMR,0.551872069073358,405.0
FL_2022_000349_CMR,0.529007581560238,573.0
FL_2023_000063_CMR,0.5345111175347117,521.0
FL_2023_000135_CMR,0.5298919818002036,565.0
FF_2007_000113_GMB,0.43657116839668697,1182.0
FL_2022_000276_GMB,0.3940077413838229,1378.0
FL_2012_000175_GMB,0.42948270233254426,1226.0
FL_1999_000286_GMB,0.35761359260092235,1475.0
FL_2009_000177_GMB,0.434692682028685,1197.0
FL_1998_000040_URY,0.4624531085097888,1047.0
FL_2024_000048_URY,0.46375638330296287,1040.0
FL_2001_000236_URY,0.4804687381573411,939.0
FL_2007_000057_URY,0.45154183466109854,1095.0
FL_2019_000156_DJI,0.4850169109049112,914.0
Djibouti: Floods _ Apr 2004,0.4891399389076136,878.0
Djibouti: Floods _ Nov 1994,0.5229304955262759,631.0
Djibouti: Floods _ Apr 1989,0.4897003986448677,871.0
FL_2005_000169_FJI,0.35574062160175435,1480.0
FL_2000_000806_FJI,0.42199528533255254,1266.0
FL_2012_000009_FJI,0.35632752355185326,1478.0
FL_2009_000010_FJI,0.3667211358325945,1454.0
FL_2007_000025_FJI,0.3681624464895717,1452.0
FL_2006_000178_JAM,0.44789810056612234,1110.0
FL_2002_000325_JAM,0.43792148474954573,1174.0
FL_2015_000131_SLE,0.5201373714676992,653.0
FL_2019_000089_SLE,0.5319462990306005,544.0
FL_2024_000182_SLE,0.5178723803302188,680.0
FL_2005_000139_SLE,0.5374810657362407,500.0
FF_2022_000309_SLE,0.5252370381015434,613.0
FL_2007_000177_SLE,0.5529972345507607,397.0
FL_2012_000151_TCD,0.7141606147886173,45.0
FL_2020_000192_TCD,0.7035203720225911,48.0
Chad: Floods _ Sep 1988,0.7010730846222563,50.0
FL_2009_000186_TCD,0.7006737659597723,51.0
FL_2001_000521_TCD,0.6841771330021186,58.0
FL_2022_000287_TCD,0.6733070041582602,63.0
FL_2023_000198_TCD,0.6735654256689225,62.0
Chad: Floods in Am Timan _ Jul 1985,0.6776083827968632,60.0
FL_1999_000265_TCD,0.6994351076395577,52.0
FL_2007_000151_TCD,0.6783783864946696,59.0
FL_2021_000084_TCD,0.691107327794215,55.0
FL_2024_000139_TCD,0.6958570733445724,54.0
FL_2000_000083_ZWE,0.5457170440751662,441.0
FL_2013_000011_ZWE,0.5141471260561645,711.0
FF_2014_000015_ZWE,0.5308011486598275,558.0
FL_2001_000082_ZWE,0.5240085847086652,622.0
FL_1999_000233_SVK,0.7117144501549849,46.0
FL_1998_000224_SVK,0.704620306272135,47.0
FL_2014_000123_SSD,0.6072900648705116,113.0
FL_2013_000108_SSD,0.5959826668364929,139.0
FL_2019_000062_SSD,0.5797545351885637,212.0
FL_2021_000108_SSD,0.5859170420791897,179.0
FF_2011_000143_SSD,0.571386331749687,268.0
FL_2012_000128_SSD,0.5943250023515155,145.0
FL_2024_000145_SSD,0.5749160196731693,246.0
FL_2020_000193_SSD,0.57391380546466,252.0
FL_2017_000137_SSD,0.5743235507270816,249.0
FL_2001_000320_TLS,0.7571129838768446,44.0
FL_2006_000029_NAM,0.4399516537465591,1158.0
FL_2013_000028_NAM,0.41854789065534753,1279.0
FL_2003_000220_NAM,0.42762541341127924,1233.0
FL_2023_000021_NAM,0.4379853034044354,1172.0
FL_2006_000057_SUR,0.6981266052183449,53.0
FL_2008_000095_SUR,0.6853932341888906,57.0
FL_2021_000068_SUR,0.6674784621144507,64.0
FF_2020_000240_ZMB,0.4971698662062576,824.0
FL_2022_000135_ZMB,0.488719913470377,883.0
Zambia: Floods _ Apr 2004,0.4830372556655549,930.0
FL_1998_000053_ZMB,0.4862906210411042,900.0
FL_2013_000023_ZMB,0.49943585678525887,813.0
FL_2023_000014_ZMB,0.4857112613776279,904.0
FL_2012_000067_RWA,0.32195879992765614,1510.0
FL_2015_000042_RWA,0.3647257593748192,1459.0
FL_2024_000064_RWA,0.33228936791761265,1502.0
FL_2019_000170_RWA,0.35741605430179313,1476.0
FL_2007_000159_RWA,0.3175817094517858,1516.0
FL_2008_000182_RWA,0.3721540026274595,1442.0
FL_2021_000049_RWA,0.3314635914231555,1503.0
FL_2011_000051_RWA,0.34895068295106707,1486.0
FL_2023_000064_RWA,0.33886334064523926,1494.0
FL_2018_000029_RWA,0.3539371035548329,1483.0
FL_2021_000209_MYS,0.5192387556876327,663.0
FL_2009_000247_MYS,0.5266053330586039,603.0
Malaysia: Floods _ Dec 1993,0.533640407177502,530.0
FL_2022_000379_MYS,0.5283926647308776,581.0
FL_2010_000161_MYS,0.5580550073870842,363.0
FL_2021_000001_MYS,0.5007552931588043,805.0
FL_2007_000222_MYS,0.5481233318236315,429.0
FL_2017_000002_MYS,0.5316713462497245,550.0
FL_2011_000021_MYS,0.534055950520677,527.0
FL_2021_000061_MYS,0.5166837233027046,691.0
FL_2006_000189_MYS,0.5356104564030106,517.0
FL_2021_000126_MYS,0.5192179953483429,664.0
FL_2024_000218_MYS,0.5100972878174301,752.0
FL_2019_000162_MYS,0.51143062210511,742.0
FL_2014_000168_MYS,0.5416761012634131,469.0
FF_2012_000120_GEO,0.43218620326459656,1213.0
FF_2013_000084_GEO,0.34801317474106763,1489.0
FF_2011_000071_GEO,0.42267673385699767,1262.0
FF_2023_000107_GEO,0.43744878403013343,1176.0
FL_2020_000175_GEO,0.4519762842766756,1088.0
FL_2019_000047_GEO,0.38669166239069264,1397.0
FL_2021_000152_GEO,0.4456972957273452,1126.0
FL_2018_000112_GEO,0.40883037863668137,1324.0
FL_2005_000065_GEO,0.35806207816436736,1474.0
FL_2015_000071_GEO,0.43402663859118606,1203.0
FF_2012_000079_GEO,0.3422746703295787,1492.0
FL_2022_000261_GEO,0.39571787631163213,1373.0
FL_2022_000362_LCA,0.5794414070950613,214.0
FF_2010_000204_LCA,0.5527441145951089,401.0
FL_2012_000066_COM,0.529612672002999,569.0
FL_2016_000114_EGY,0.5532785349647928,395.0
Egypt: Floods _ Nov 1994,0.5570840558744166,367.0
FL_2010_000012_EGY,0.5590283741763643,350.0
FL_2020_000038_EGY,0.5583215965056129,360.0
FL_2021_000190_EGY,0.5562669328080534,369.0
FL_2010_000259_AUS,0.6589044020527223,68.0
FL_2009_000251_SAU,0.4731281914349116,984.0
FL_2010_000136_YEM,0.4439551260255334,1137.0
FL_2012_000089_CUB,0.32080917234421447,1511.0
Cuba: Floods _ May 1994,0.39506151806507306,1375.0
Cuba: Floods _ Jun 1993,0.37453206640469416,1435.0
FL_2008_000230_CUB,0.358544923146111,1472.0
FL_2024_000043_CUB,0.3997765424300416,1357.0
FL_2000_000484_BTN,0.582754053043572,197.0
Bhutan: Flash Flood _ Oct 1994,0.5955142544549615,142.0
FL_2012_000043_KGZ,0.5145454029926386,708.0
FL_1998_000213_KGZ,0.5199625454427876,656.0
FL_2024_000053_KGZ,0.5435741017528259,455.0
FL_2005_000100_KGZ,0.49298717981954476,852.0
FL_2023_000155_KGZ,0.5199126563413157,657.0
FL_2010_000015_PSE,0.5312164365929557,553.0
FL_2012_000037_PSE,0.5403730811681827,477.0
FF_2008_000216_PSE,0.5323408878274442,541.0
FL_2013_000002_PSE,0.5164495477596671,693.0
FL_2010_000036_CYP,0.5997785640594355,128.0
FL_1999_000132_BLR,0.6030187574090031,121.0
FL_2018_000034_BLR,0.5986569549412661,130.0
Belarus: Floods _ Apr 1996,0.607547147274182,112.0
Belarus: Floods _ Aug 1993,0.6071856421767812,114.0
FL_2008_000198_BLZ,0.6458914150259031,80.0
FL_2015_000151_BLZ,0.6555185668383592,69.0
SS_2007_000063_MDV,0.6889862279528886,56.0
FL_2002_000479_CZE,0.6370572233522604,86.0
USA: Storms and Tornadoes _ Apr 2011,0.5844580451903494,184.0
FL_2008_000088_USA,0.5671750965062604,300.0
FL_2009_000203_USA,0.5589768496629716,352.0
FL_2022_000312_BGR,0.5621206186246317,334.0
FL_2005_000098_BGR,0.5797993722316558,210.0
FL_2006_000045_HUN,0.5593199230732538,347.0
FL_2023_000144_SVN,0.6659853412612836,65.0
FL_2008_000243_PNG,0.7023999762875868,49.0
FL_2019_000031_SYR,0.5121733196442964,735.0
FL_2023_000042_SYR,0.5152101849924794,700.0
FL_2021_000007_SYR,0.5178047012235862,681.0
FL_2010_000031_PRT,0.5336110638044332,532.0
2012_000025_VUT,0.775098654637587,43.0
FL_2009_000087_VUT,0.5958678196788816,140.0
FL_2023_000259_COG,0.5844013610769034,185.0
FL_2001_000274_WSM,0.5655418299703485,316.0
